-- USERS TABLE
INSERT INTO USERS (USR_USER_ID, USR_USER_NAME, USR_LOGIN, USR_PASSWORD) VALUES (1, 'Frank Gallagher', 'Frank', '3af00c6cad11f7ab5db4467b66ce503e');
INSERT INTO USERS (USR_USER_ID, USR_USER_NAME, USR_LOGIN, USR_PASSWORD) VALUES (2, 'Иван Петров', 'Иван_90', 'dc0fa7df3d07904a09288bd2d2bb5f40');
INSERT INTO USERS (USR_USER_ID, USR_USER_NAME, USR_LOGIN, USR_PASSWORD) VALUES (3, 'NickName1', 'Имя Фамилия_1', 'dc0fa7df3d07904a09288bd2d2bb5f40');
INSERT INTO USERS (USR_USER_ID, USR_USER_NAME, USR_LOGIN, USR_PASSWORD) VALUES (4, 'NickName2', 'Имя Фамилия_2', 'dc0fa7df3d07904a09288bd2d2bb5f40');
INSERT INTO USERS (USR_USER_ID, USR_USER_NAME, USR_LOGIN, USR_PASSWORD) VALUES (5, 'NickName3', 'Имя Фамилия_3', 'dc0fa7df3d07904a09288bd2d2bb5f40');
INSERT INTO USERS (USR_USER_ID, USR_USER_NAME, USR_LOGIN, USR_PASSWORD) VALUES (6, 'NickName4', 'Имя Фамилия_4', 'dc0fa7df3d07904a09288bd2d2bb5f40');
INSERT INTO USERS (USR_USER_ID, USR_USER_NAME, USR_LOGIN, USR_PASSWORD) VALUES (7, 'NickName5', 'Имя Фамилия_5', 'dc0fa7df3d07904a09288bd2d2bb5f40');
INSERT INTO USERS (USR_USER_ID, USR_USER_NAME, USR_LOGIN, USR_PASSWORD) VALUES (8, 'NickName6', 'Имя Фамилия_6', 'dc0fa7df3d07904a09288bd2d2bb5f40');
INSERT INTO USERS (USR_USER_ID, USR_USER_NAME, USR_LOGIN, USR_PASSWORD) VALUES (9, 'NickName7', 'Имя Фамилия_7', 'dc0fa7df3d07904a09288bd2d2bb5f40');
INSERT INTO USERS (USR_USER_ID, USR_USER_NAME, USR_LOGIN, USR_PASSWORD) VALUES (10, 'NickName7', 'Имя Фамилия_8', 'dc0fa7df3d07904a09288bd2d2bb5f40');

-- ROLES TABLE
INSERT INTO ROLES (ROL_ROLE_ID, ROL_USER_ID, ROL_ROLE_NAME) VALUES (1, 1, 'ROLE_ADMIN');
INSERT INTO ROLES (ROL_ROLE_ID, ROL_USER_ID, ROL_ROLE_NAME) VALUES (2, 2, 'ROLE_CLIENT');
INSERT INTO ROLES (ROL_ROLE_ID, ROL_USER_ID, ROL_ROLE_NAME) VALUES (3, 3, 'ROLE_CLIENT');
INSERT INTO ROLES (ROL_ROLE_ID, ROL_USER_ID, ROL_ROLE_NAME) VALUES (4, 4, 'ROLE_CLIENT');
INSERT INTO ROLES (ROL_ROLE_ID, ROL_USER_ID, ROL_ROLE_NAME) VALUES (5, 5, 'ROLE_CLIENT');
INSERT INTO ROLES (ROL_ROLE_ID, ROL_USER_ID, ROL_ROLE_NAME) VALUES (6, 6, 'ROLE_CLIENT');
INSERT INTO ROLES (ROL_ROLE_ID, ROL_USER_ID, ROL_ROLE_NAME) VALUES (7, 7, 'ROLE_CLIENT');
INSERT INTO ROLES (ROL_ROLE_ID, ROL_USER_ID, ROL_ROLE_NAME) VALUES (8, 8, 'ROLE_CLIENT');
INSERT INTO ROLES (ROL_ROLE_ID, ROL_USER_ID, ROL_ROLE_NAME) VALUES (9, 9, 'ROLE_CLIENT');
INSERT INTO ROLES (ROL_ROLE_ID, ROL_USER_ID, ROL_ROLE_NAME) VALUES (10, 10, 'ROLE_CLIENT');

-- NEWS TABLE
INSERT INTO NEWS (NEWS_NEWS_ID, NEWS_TITLE, NEWS_SHORT_TEXT, NEWS_FULL_TEXT, NEWS_CREATION_DATE, NEWS_MODIFICATION_DATE) 
VALUES (1, ' Пошлины на посылки', 'Короткий текст новости.', 'Полный текст новости.', CURRENT_TIMESTAMP, CURRENT_DATE);
INSERT INTO NEWS (NEWS_NEWS_ID, NEWS_TITLE, NEWS_SHORT_TEXT, NEWS_FULL_TEXT, NEWS_CREATION_DATE, NEWS_MODIFICATION_DATE) 
VALUES (2, ' Война где-нибудь где нас нет', 'Короткий текст новости.', 'Полный текст новости.', CURRENT_TIMESTAMP, CURRENT_DATE);
INSERT INTO NEWS (NEWS_NEWS_ID, NEWS_TITLE, NEWS_SHORT_TEXT, NEWS_FULL_TEXT, NEWS_CREATION_DATE, NEWS_MODIFICATION_DATE) 
VALUES (3, ' Надой молока увеличен', 'Короткий текст новости.', 'Полный текст новости.', CURRENT_TIMESTAMP, CURRENT_DATE);
INSERT INTO NEWS (NEWS_NEWS_ID, NEWS_TITLE, NEWS_SHORT_TEXT, NEWS_FULL_TEXT, NEWS_CREATION_DATE, NEWS_MODIFICATION_DATE) 
VALUES (4, ' Аршавин вошел в штрафную', 'Короткий текст новости.', 'Полный текст новости.', CURRENT_TIMESTAMP, CURRENT_DATE);
INSERT INTO NEWS (NEWS_NEWS_ID, NEWS_TITLE, NEWS_SHORT_TEXT, NEWS_FULL_TEXT, NEWS_CREATION_DATE, NEWS_MODIFICATION_DATE) 
VALUES (5, ' Состоялась премьера фильма', 'Короткий текст новости.', 'Полный текст новости.', CURRENT_TIMESTAMP, CURRENT_DATE);
INSERT INTO NEWS (NEWS_NEWS_ID, NEWS_TITLE, NEWS_SHORT_TEXT, NEWS_FULL_TEXT, NEWS_CREATION_DATE, NEWS_MODIFICATION_DATE) 
VALUES (6, ' Пошлины на посылки', 'Короткий текст новости.', 'Полный текст новости.', CURRENT_TIMESTAMP, CURRENT_DATE);
INSERT INTO NEWS (NEWS_NEWS_ID, NEWS_TITLE, NEWS_SHORT_TEXT, NEWS_FULL_TEXT, NEWS_CREATION_DATE, NEWS_MODIFICATION_DATE) 
VALUES (7, ' Война где-нибудь где нас нет', 'Короткий текст новости.', 'Полный текст новости.', CURRENT_TIMESTAMP, CURRENT_DATE);
INSERT INTO NEWS (NEWS_NEWS_ID, NEWS_TITLE, NEWS_SHORT_TEXT, NEWS_FULL_TEXT, NEWS_CREATION_DATE, NEWS_MODIFICATION_DATE) 
VALUES (8, ' Надой молока увеличен', 'Короткий текст новости.', 'Полный текст новости.', CURRENT_TIMESTAMP, CURRENT_DATE);
INSERT INTO NEWS (NEWS_NEWS_ID, NEWS_TITLE, NEWS_SHORT_TEXT, NEWS_FULL_TEXT, NEWS_CREATION_DATE, NEWS_MODIFICATION_DATE) 
VALUES (9, ' Аршавин вошел в штрафную', 'Короткий текст новости.', 'Полный текст новости.', CURRENT_TIMESTAMP, CURRENT_DATE);
INSERT INTO NEWS (NEWS_NEWS_ID, NEWS_TITLE, NEWS_SHORT_TEXT, NEWS_FULL_TEXT, NEWS_CREATION_DATE, NEWS_MODIFICATION_DATE) 
VALUES (10, ' Состоялась премьера фильма', 'Короткий текст новости.', 'Полный текст новости.', CURRENT_TIMESTAMP, CURRENT_DATE);
INSERT INTO NEWS (NEWS_NEWS_ID, NEWS_TITLE, NEWS_SHORT_TEXT, NEWS_FULL_TEXT, NEWS_CREATION_DATE, NEWS_MODIFICATION_DATE) 
VALUES (11, ' Пошлины на посылки', 'Короткий текст новости.', 'Полный текст новости.', CURRENT_TIMESTAMP, CURRENT_DATE);
INSERT INTO NEWS (NEWS_NEWS_ID, NEWS_TITLE, NEWS_SHORT_TEXT, NEWS_FULL_TEXT, NEWS_CREATION_DATE, NEWS_MODIFICATION_DATE) 
VALUES (12, ' Война где-нибудь где нас нет', 'Короткий текст новости.', 'Полный текст новости.', CURRENT_TIMESTAMP, CURRENT_DATE);
INSERT INTO NEWS (NEWS_NEWS_ID, NEWS_TITLE, NEWS_SHORT_TEXT, NEWS_FULL_TEXT, NEWS_CREATION_DATE, NEWS_MODIFICATION_DATE) 
VALUES (13, ' Надой молока увеличено', 'Короткий текст новости.', 'Полный текст новости.', CURRENT_TIMESTAMP, CURRENT_DATE);
INSERT INTO NEWS (NEWS_NEWS_ID, NEWS_TITLE, NEWS_SHORT_TEXT, NEWS_FULL_TEXT, NEWS_CREATION_DATE, NEWS_MODIFICATION_DATE) 
VALUES (14, ' Аршавин вошел в штрафную', 'Короткий текст новости.', 'Полный текст новости.', CURRENT_TIMESTAMP, CURRENT_DATE);
INSERT INTO NEWS (NEWS_NEWS_ID, NEWS_TITLE, NEWS_SHORT_TEXT, NEWS_FULL_TEXT, NEWS_CREATION_DATE, NEWS_MODIFICATION_DATE) 
VALUES (15, ' Состоялась премьера фильма', 'Короткий текст новости.', 'Полный текст новости.', CURRENT_TIMESTAMP, CURRENT_DATE);
INSERT INTO NEWS (NEWS_NEWS_ID, NEWS_TITLE, NEWS_SHORT_TEXT, NEWS_FULL_TEXT, NEWS_CREATION_DATE, NEWS_MODIFICATION_DATE) 
VALUES (16, ' Пошлины на посылки', 'Короткий текст новости.', 'Полный текст новости.', CURRENT_TIMESTAMP, CURRENT_DATE);
INSERT INTO NEWS (NEWS_NEWS_ID, NEWS_TITLE, NEWS_SHORT_TEXT, NEWS_FULL_TEXT, NEWS_CREATION_DATE, NEWS_MODIFICATION_DATE) 
VALUES (17, ' Война где-нибудь где нас нет', 'Короткий текст новости.', 'Полный текст новости.', CURRENT_TIMESTAMP, CURRENT_DATE);
INSERT INTO NEWS (NEWS_NEWS_ID, NEWS_TITLE, NEWS_SHORT_TEXT, NEWS_FULL_TEXT, NEWS_CREATION_DATE, NEWS_MODIFICATION_DATE) 
VALUES (18, ' Надой молока увеличен', 'Короткий текст новости.', 'Полный текст новости.', CURRENT_TIMESTAMP, CURRENT_DATE);
INSERT INTO NEWS (NEWS_NEWS_ID, NEWS_TITLE, NEWS_SHORT_TEXT, NEWS_FULL_TEXT, NEWS_CREATION_DATE, NEWS_MODIFICATION_DATE) 
VALUES (19, ' Аршавин вошел в штрафную', 'Короткий текст новости.', 'Полный текст новости.', CURRENT_TIMESTAMP, CURRENT_DATE);
INSERT INTO NEWS (NEWS_NEWS_ID, NEWS_TITLE, NEWS_SHORT_TEXT, NEWS_FULL_TEXT, NEWS_CREATION_DATE, NEWS_MODIFICATION_DATE) 
VALUES (20, ' Состоялась премьера фильма', 'Короткий текст новости.', 'Полный текст новости.', CURRENT_TIMESTAMP, CURRENT_DATE);

-- COMMENTS TABLE
INSERT INTO COMMENTS (COMT_COMMENT_ID, COMT_NEWS_ID, COMT_COMMENT_TEXT, COMT_CREATION_DATE) VALUES (1, 1, 'Awesome!', CURRENT_TIMESTAMP);
INSERT INTO COMMENTS (COMT_COMMENT_ID, COMT_NEWS_ID, COMT_COMMENT_TEXT, COMT_CREATION_DATE) VALUES (2, 2, 'Lol', CURRENT_TIMESTAMP);
INSERT INTO COMMENTS (COMT_COMMENT_ID, COMT_NEWS_ID, COMT_COMMENT_TEXT, COMT_CREATION_DATE) VALUES (3, 3, 'Понаехало!', CURRENT_TIMESTAMP);
INSERT INTO COMMENTS (COMT_COMMENT_ID, COMT_NEWS_ID, COMT_COMMENT_TEXT, COMT_CREATION_DATE) VALUES (4, 4, 'Умный коммент', CURRENT_TIMESTAMP);
INSERT INTO COMMENTS (COMT_COMMENT_ID, COMT_NEWS_ID, COMT_COMMENT_TEXT, COMT_CREATION_DATE) VALUES (5, 5, 'Давно пора это было сделать!!', CURRENT_TIMESTAMP);
INSERT INTO COMMENTS (COMT_COMMENT_ID, COMT_NEWS_ID, COMT_COMMENT_TEXT, COMT_CREATION_DATE) VALUES (6, 6, 'Awesome!', CURRENT_TIMESTAMP);
INSERT INTO COMMENTS (COMT_COMMENT_ID, COMT_NEWS_ID, COMT_COMMENT_TEXT, COMT_CREATION_DATE) VALUES (7, 7, 'Lol', CURRENT_TIMESTAMP);
INSERT INTO COMMENTS (COMT_COMMENT_ID, COMT_NEWS_ID, COMT_COMMENT_TEXT, COMT_CREATION_DATE) VALUES (8, 8, 'Понаехало!', CURRENT_TIMESTAMP);
INSERT INTO COMMENTS (COMT_COMMENT_ID, COMT_NEWS_ID, COMT_COMMENT_TEXT, COMT_CREATION_DATE) VALUES (9, 9, 'Умный коммент', CURRENT_TIMESTAMP);
INSERT INTO COMMENTS (COMT_COMMENT_ID, COMT_NEWS_ID, COMT_COMMENT_TEXT, COMT_CREATION_DATE) VALUES (10, 10, 'Давно пора это было сделать!!', CURRENT_TIMESTAMP);
INSERT INTO COMMENTS (COMT_COMMENT_ID, COMT_NEWS_ID, COMT_COMMENT_TEXT, COMT_CREATION_DATE) VALUES (11, 11, 'Awesome!', CURRENT_TIMESTAMP);
INSERT INTO COMMENTS (COMT_COMMENT_ID, COMT_NEWS_ID, COMT_COMMENT_TEXT, COMT_CREATION_DATE) VALUES (12, 12, 'Lol', CURRENT_TIMESTAMP);
INSERT INTO COMMENTS (COMT_COMMENT_ID, COMT_NEWS_ID, COMT_COMMENT_TEXT, COMT_CREATION_DATE) VALUES (13, 13, 'Понаехало!', CURRENT_TIMESTAMP);
INSERT INTO COMMENTS (COMT_COMMENT_ID, COMT_NEWS_ID, COMT_COMMENT_TEXT, COMT_CREATION_DATE) VALUES (14, 14, 'Умный коммент', CURRENT_TIMESTAMP);
INSERT INTO COMMENTS (COMT_COMMENT_ID, COMT_NEWS_ID, COMT_COMMENT_TEXT, COMT_CREATION_DATE) VALUES (15, 15, 'Давно пора это было сделать!!', CURRENT_TIMESTAMP);
INSERT INTO COMMENTS (COMT_COMMENT_ID, COMT_NEWS_ID, COMT_COMMENT_TEXT, COMT_CREATION_DATE) VALUES (16, 16, 'Awesome!', CURRENT_TIMESTAMP);
INSERT INTO COMMENTS (COMT_COMMENT_ID, COMT_NEWS_ID, COMT_COMMENT_TEXT, COMT_CREATION_DATE) VALUES (17, 17, 'Lol', CURRENT_TIMESTAMP);
INSERT INTO COMMENTS (COMT_COMMENT_ID, COMT_NEWS_ID, COMT_COMMENT_TEXT, COMT_CREATION_DATE) VALUES (18, 18, 'Понаехало!', CURRENT_TIMESTAMP);
INSERT INTO COMMENTS (COMT_COMMENT_ID, COMT_NEWS_ID, COMT_COMMENT_TEXT, COMT_CREATION_DATE) VALUES (19, 19, 'Умный коммент', CURRENT_TIMESTAMP);
INSERT INTO COMMENTS (COMT_COMMENT_ID, COMT_NEWS_ID, COMT_COMMENT_TEXT, COMT_CREATION_DATE) VALUES (20, 20, 'Давно пора это было сделать!!', CURRENT_TIMESTAMP);

-- AUTHORS TABLE
INSERT INTO AUTHORS (AUTH_AUTHOR_ID, AUTH_AUTHOR_NAME) VALUES(1, 'Василий Быков');
INSERT INTO AUTHORS (AUTH_AUTHOR_ID, AUTH_AUTHOR_NAME) VALUES(2, 'Янка Купала');
INSERT INTO AUTHORS (AUTH_AUTHOR_ID, AUTH_AUTHOR_NAME) VALUES(3, 'Якуб Колас');
INSERT INTO AUTHORS (AUTH_AUTHOR_ID, AUTH_AUTHOR_NAME) VALUES(4, 'Владимир Короткевич');
INSERT INTO AUTHORS (AUTH_AUTHOR_ID, AUTH_AUTHOR_NAME) VALUES(4, 'Тадеуш Костюшко');
INSERT INTO AUTHORS (AUTH_AUTHOR_ID, AUTH_AUTHOR_NAME) VALUES(5, 'Кастусь Калиновский');
INSERT INTO AUTHORS (AUTH_AUTHOR_ID, AUTH_AUTHOR_NAME) VALUES(6, 'Игнатий Дамейко');
INSERT INTO AUTHORS (AUTH_AUTHOR_ID, AUTH_AUTHOR_NAME) VALUES(7, 'Адам Мицкевич');
INSERT INTO AUTHORS (AUTH_AUTHOR_ID, AUTH_AUTHOR_NAME) VALUES(8, 'Янка Лучина');
INSERT INTO AUTHORS (AUTH_AUTHOR_ID, AUTH_AUTHOR_NAME) VALUES(9, 'Янка Мавр');
INSERT INTO AUTHORS (AUTH_AUTHOR_ID, AUTH_AUTHOR_NAME) VALUES(10, 'Франциск Скорина');
INSERT INTO AUTHORS (AUTH_AUTHOR_ID, AUTH_AUTHOR_NAME) VALUES(11, 'Astrid Lindgren');
INSERT INTO AUTHORS (AUTH_AUTHOR_ID, AUTH_AUTHOR_NAME) VALUES(12, 'Brothers Grimm');
INSERT INTO AUTHORS (AUTH_AUTHOR_ID, AUTH_AUTHOR_NAME) VALUES(13, 'Charles Dickens');
INSERT INTO AUTHORS (AUTH_AUTHOR_ID, AUTH_AUTHOR_NAME) VALUES(14, 'Chuck Palahniuk');
INSERT INTO AUTHORS (AUTH_AUTHOR_ID, AUTH_AUTHOR_NAME) VALUES(15, 'F. Scott Fitzgerald');
INSERT INTO AUTHORS (AUTH_AUTHOR_ID, AUTH_AUTHOR_NAME) VALUES(16, 'Gabriel Garcia Marquez');
INSERT INTO AUTHORS (AUTH_AUTHOR_ID, AUTH_AUTHOR_NAME) VALUES(17, 'George Orwell');
INSERT INTO AUTHORS (AUTH_AUTHOR_ID, AUTH_AUTHOR_NAME) VALUES(18, 'Isaac Asimov');
INSERT INTO AUTHORS (AUTH_AUTHOR_ID, AUTH_AUTHOR_NAME) VALUES(19, 'Victor Hugo');
INSERT INTO AUTHORS (AUTH_AUTHOR_ID, AUTH_AUTHOR_NAME) VALUES(20, 'William Shakespeare');

-- NEWS_AUTHORS TABLE
INSERT INTO NEWS_AUTHORS (NAUT_NEWS_ID, NAUT_AUTHOR_ID) VALUES (1,1);
INSERT INTO NEWS_AUTHORS (NAUT_NEWS_ID, NAUT_AUTHOR_ID) VALUES (2,2);
INSERT INTO NEWS_AUTHORS (NAUT_NEWS_ID, NAUT_AUTHOR_ID) VALUES (3,3);
INSERT INTO NEWS_AUTHORS (NAUT_NEWS_ID, NAUT_AUTHOR_ID) VALUES (4,4);
INSERT INTO NEWS_AUTHORS (NAUT_NEWS_ID, NAUT_AUTHOR_ID) VALUES (5,5);
INSERT INTO NEWS_AUTHORS (NAUT_NEWS_ID, NAUT_AUTHOR_ID) VALUES (6,6);
INSERT INTO NEWS_AUTHORS (NAUT_NEWS_ID, NAUT_AUTHOR_ID) VALUES (7,7);
INSERT INTO NEWS_AUTHORS (NAUT_NEWS_ID, NAUT_AUTHOR_ID) VALUES (8,8);
INSERT INTO NEWS_AUTHORS (NAUT_NEWS_ID, NAUT_AUTHOR_ID) VALUES (9,9);
INSERT INTO NEWS_AUTHORS (NAUT_NEWS_ID, NAUT_AUTHOR_ID) VALUES (10,10);
INSERT INTO NEWS_AUTHORS (NAUT_NEWS_ID, NAUT_AUTHOR_ID) VALUES (11,11);
INSERT INTO NEWS_AUTHORS (NAUT_NEWS_ID, NAUT_AUTHOR_ID) VALUES (12,12);
INSERT INTO NEWS_AUTHORS (NAUT_NEWS_ID, NAUT_AUTHOR_ID) VALUES (13,13);
INSERT INTO NEWS_AUTHORS (NAUT_NEWS_ID, NAUT_AUTHOR_ID) VALUES (14,14);
INSERT INTO NEWS_AUTHORS (NAUT_NEWS_ID, NAUT_AUTHOR_ID) VALUES (15,15);
INSERT INTO NEWS_AUTHORS (NAUT_NEWS_ID, NAUT_AUTHOR_ID) VALUES (16,16);
INSERT INTO NEWS_AUTHORS (NAUT_NEWS_ID, NAUT_AUTHOR_ID) VALUES (17,17);
INSERT INTO NEWS_AUTHORS (NAUT_NEWS_ID, NAUT_AUTHOR_ID) VALUES (18,18);
INSERT INTO NEWS_AUTHORS (NAUT_NEWS_ID, NAUT_AUTHOR_ID) VALUES (19,19);
INSERT INTO NEWS_AUTHORS (NAUT_NEWS_ID, NAUT_AUTHOR_ID) VALUES (20,20);

-- TAGS TABLE
INSERT INTO TAGS (TAG_TAG_ID, TAG_TAG_NAME) VALUES(1, 'Мир');
INSERT INTO TAGS (TAG_TAG_ID, TAG_TAG_NAME) VALUES(2, 'Политика');
INSERT INTO TAGS (TAG_TAG_ID, TAG_TAG_NAME) VALUES(3, 'Спорт');
INSERT INTO TAGS (TAG_TAG_ID, TAG_TAG_NAME) VALUES(4, 'Финансы');
INSERT INTO TAGS (TAG_TAG_ID, TAG_TAG_NAME) VALUES(5, 'Афиша');
INSERT INTO TAGS (TAG_TAG_ID, TAG_TAG_NAME) VALUES(6, 'Кино');
INSERT INTO TAGS (TAG_TAG_ID, TAG_TAG_NAME) VALUES(7, 'Конфликт');
INSERT INTO TAGS (TAG_TAG_ID, TAG_TAG_NAME) VALUES(8, 'Страна');
INSERT INTO TAGS (TAG_TAG_ID, TAG_TAG_NAME) VALUES(9, 'IT-sphere');
INSERT INTO TAGS (TAG_TAG_ID, TAG_TAG_NAME) VALUES(10, 'Беженцы');
INSERT INTO TAGS (TAG_TAG_ID, TAG_TAG_NAME) VALUES(11, 'Девальвация');
INSERT INTO TAGS (TAG_TAG_ID, TAG_TAG_NAME) VALUES(12, 'ЖКХ');
INSERT INTO TAGS (TAG_TAG_ID, TAG_TAG_NAME) VALUES(13, 'Музыка');
INSERT INTO TAGS (TAG_TAG_ID, TAG_TAG_NAME) VALUES(14, 'Космос');
INSERT INTO TAGS (TAG_TAG_ID, TAG_TAG_NAME) VALUES(15, 'Транспорт');
INSERT INTO TAGS (TAG_TAG_ID, TAG_TAG_NAME) VALUES(16, 'Торговля');
INSERT INTO TAGS (TAG_TAG_ID, TAG_TAG_NAME) VALUES(17, 'Футбол');
INSERT INTO TAGS (TAG_TAG_ID, TAG_TAG_NAME) VALUES(18, 'Образование');
INSERT INTO TAGS (TAG_TAG_ID, TAG_TAG_NAME) VALUES(19, 'Авто');
INSERT INTO TAGS (TAG_TAG_ID, TAG_TAG_NAME) VALUES(20, 'Культура');

-- NEWS_TAGS TABLE
INSERT INTO NEWS_TAGS (NTAG_NEWS_ID, NTAG_TAG_ID) VALUES (1,20);
INSERT INTO NEWS_TAGS (NTAG_NEWS_ID, NTAG_TAG_ID) VALUES (2,19);
INSERT INTO NEWS_TAGS (NTAG_NEWS_ID, NTAG_TAG_ID) VALUES (3,18);
INSERT INTO NEWS_TAGS (NTAG_NEWS_ID, NTAG_TAG_ID) VALUES (4,17);
INSERT INTO NEWS_TAGS (NTAG_NEWS_ID, NTAG_TAG_ID) VALUES (5,16);
INSERT INTO NEWS_TAGS (NTAG_NEWS_ID, NTAG_TAG_ID) VALUES (6,15);
INSERT INTO NEWS_TAGS (NTAG_NEWS_ID, NTAG_TAG_ID) VALUES (7,14);
INSERT INTO NEWS_TAGS (NTAG_NEWS_ID, NTAG_TAG_ID) VALUES (8,13);
INSERT INTO NEWS_TAGS (NTAG_NEWS_ID, NTAG_TAG_ID) VALUES (9,12);
INSERT INTO NEWS_TAGS (NTAG_NEWS_ID, NTAG_TAG_ID) VALUES (10,11);
INSERT INTO NEWS_TAGS (NTAG_NEWS_ID, NTAG_TAG_ID) VALUES (11,10);
INSERT INTO NEWS_TAGS (NTAG_NEWS_ID, NTAG_TAG_ID) VALUES (12,9);
INSERT INTO NEWS_TAGS (NTAG_NEWS_ID, NTAG_TAG_ID) VALUES (13,8);
INSERT INTO NEWS_TAGS (NTAG_NEWS_ID, NTAG_TAG_ID) VALUES (14,7);
INSERT INTO NEWS_TAGS (NTAG_NEWS_ID, NTAG_TAG_ID) VALUES (15,6);
INSERT INTO NEWS_TAGS (NTAG_NEWS_ID, NTAG_TAG_ID) VALUES (16,5);
INSERT INTO NEWS_TAGS (NTAG_NEWS_ID, NTAG_TAG_ID) VALUES (17,4);
INSERT INTO NEWS_TAGS (NTAG_NEWS_ID, NTAG_TAG_ID) VALUES (18,3);
INSERT INTO NEWS_TAGS (NTAG_NEWS_ID, NTAG_TAG_ID) VALUES (19,2);
INSERT INTO NEWS_TAGS (NTAG_NEWS_ID, NTAG_TAG_ID) VALUES (20,1);

INSERT INTO NEWS_TAGS (NTAG_NEWS_ID, NTAG_TAG_ID) VALUES (1,1);
INSERT INTO NEWS_TAGS (NTAG_NEWS_ID, NTAG_TAG_ID) VALUES (2,2);
INSERT INTO NEWS_TAGS (NTAG_NEWS_ID, NTAG_TAG_ID) VALUES (3,3);
INSERT INTO NEWS_TAGS (NTAG_NEWS_ID, NTAG_TAG_ID) VALUES (4,4);
INSERT INTO NEWS_TAGS (NTAG_NEWS_ID, NTAG_TAG_ID) VALUES (5,5);
INSERT INTO NEWS_TAGS (NTAG_NEWS_ID, NTAG_TAG_ID) VALUES (6,6);
INSERT INTO NEWS_TAGS (NTAG_NEWS_ID, NTAG_TAG_ID) VALUES (7,7);
INSERT INTO NEWS_TAGS (NTAG_NEWS_ID, NTAG_TAG_ID) VALUES (8,8);
INSERT INTO NEWS_TAGS (NTAG_NEWS_ID, NTAG_TAG_ID) VALUES (9,9);
INSERT INTO NEWS_TAGS (NTAG_NEWS_ID, NTAG_TAG_ID) VALUES (10,10);
INSERT INTO NEWS_TAGS (NTAG_NEWS_ID, NTAG_TAG_ID) VALUES (11,11);